Korea Inst Geosci & Mineral Resources, Natl Geosci Informat Ctr, Taejon 305350, South Korea.	Taejon 305350			X	0.0	0.0	1
Yonsei Univ, Dept Earth Syst Sci, Seoul 120749, South Korea.	Seoul 120749			X	0.0	0.0	1
Osaka Univ, Res Ctr Ultra High Voltage Electron Microscopy, Ibaraki 5670047, Japan.	Res Ctr Ultra High Voltage Electron Microscopy			X	0.0	0.0	1
Kingston Univ, CEESR, Kingston upon Thames KT1 2EE, Surrey, England.	Kingston upon Thames KT1 2EE			X	0.0	0.0	1
Univ Coll Swansea, Dept Geog, Environm & Earth Observat Grp, Swansea SA2 8PP, W Glam, Wales.	Swansea SA2 8PP			X	0.0	0.0	1
UFRJ, EE, COPPE, BR-21945970 Rio De Janeiro, Brazil.	COPPE			X	0.0	0.0	1
Univ Lausanne, Inst Ecol, Dept Ecol & Evolut, CH-1015 Lausanne, Switzerland.	CH-1015 Lausanne			X	0.0	0.0	1
Korea Inst Geosci & Mineral Resources, Natl Geosci Informat Ctr, Taejon 305350, South Korea.	Taejon 305350			X	0.0	0.0	2
Yonsei Univ, Dept Earth Syst Sci, Seoul 120749, South Korea.	Seoul 120749			X	0.0	0.0	2
Dalian Univ Technol, Sch Elect & Informat Engn, Dalian 116023, Peoples R China.	Dalian 116023			X	0.0	0.0	1
Univ Sao Paulo, Dept Engn Elet, BR-13566590 Sao Carlos, SP, Brazil.	BR-13566590 Sao Carlos			X	0.0	0.0	1
Helsinki Univ Technol, Lab Space Technol, FIN-02015 Espoo, Finland.	FIN-02015 Espoo			X	0.0	0.0	1
Chinese Univ Hong Kong, Dept Comp Sci & Engn, Shatin, Hong Kong, Peoples R China.	Hong Kong			X	0.0	0.0	1
Lingnan Univ, Dept Informat Syst, Tuen Mun, Hong Kong, Peoples R China.	Hong Kong			X	0.0	0.0	1
Univ Oxford, Dept Zool, TALA Res Grp, Oxford OX1 3PS, England.	TALA Res Grp			X	0.0	0.0	1
Univ Southampton, Dept Aeronaut & Astronaut Engn, Southampton SO17 1BJ, Hants, England.	Southampton SO17 1BJ			X	0.0	0.0	1
Univ Southampton, Dept Geog, Southampton SO17 1BJ, Hants, England.	Southampton SO17 1BJ			X	0.0	0.0	2
Univ Southampton, Dept Elect & Comp Sci, Southampton SO17 1BJ, Hants, England.	Southampton SO17 1BJ			X	0.0	0.0	3
EMBRAPA, Ctr Nacl Pesquisa Solos, BR-22460 Rio De Janeiro, Brazil.	Ctr Nacl Pesquisa Solos			X	0.0	0.0	1
Univ Southampton, Dept Geog, Southampton SO17 1BJ, Hants, England.	Southampton SO17 1BJ			X	0.0	0.0	4
CNRS, Lab Ecol Terrestre, UMR 5552, UPS 13, F-31029 Toulouse 4, France.	F-31029 Toulouse 4			X	0.0	0.0	1
Univ Southampton, Sch Geog, Southampton SO17 1BJ, Hants, England.	Southampton SO17 1BJ			X	0.0	0.0	1
Univ Toulon & Var, LSEET, CNR, F-83957 La Garde, France.	F-83957 La Garde			X	0.0	0.0	1
Korea Inst Geosci & Mineral Resources, KIGAM, Natl Geosci Informat Ctr, Taejon 305350, South Korea.	Taejon 305350			X	0.0	0.0	1
Yonsei Univ, Dept Earth Syst Sci, Seoul 120749, South Korea.	Seoul 120749			X	0.0	0.0	1
Sejong Univ, Dept Geoinformat Engn, Seoul 143747, South Korea.	Seoul 143747			X	0.0	0.0	1
Great Lakes Lab Fisheries & Aquat Sci, Canada Dept Fisheries & Oceans, Burlington, ON L7R 4A6, Canada.	Burlington			X	0.0	0.0	1
Istanbul Tech Univ, Dept Ind Engn, TR-80680 Istanbul, Turkey.	Dept Ind Engn			X	0.0	0.0	1
Univ Oxford, Dept Zool, TALA Res Grp, Oxford OX1 3PS, England.	TALA Res Grp			X	0.0	0.0	1
Indian Inst Technol, Dept Civil Engn, Roorkee 247667, Uttar Pradesh, India.	Roorkee 247667			X	0.0	0.0	1
Indian Inst Technol, Dept Earth Sci, Roorkee 247667, Uttar Pradesh, India.	Roorkee 247667			X	0.0	0.0	2
Univ Rhode Isl, Dept Nat Resources, Kingston, RI 02881 USA.	Kingston			X	0.0	0.0	1
Canada Ctr Remote Sensing, Environm Monitoring Sect, Ottawa, ON K1A OY7, Canada.	Ottawa			X	0.0	0.0	1
Canadian Forest Serv, Ste Foy, PQ, Canada.	Ste Foy			X	0.0	0.0	1
Geol Survey Canada, Ottawa, ON K1G 1B9, Canada.	Ottawa			X	0.0	0.0	1
State Univ Ghent, Dept Elect Energy Syst & Automat, B-9052 Zwijnaarde, Belgium.	B-9052 Zwijnaarde			X	0.0	0.0	1
Univ Alberta, Dept Civil & Environm Engn, Edmonton, AB T6G 2G7, Canada.	Edmonton			X	0.0	0.0	1
Saga Univ, Dept Civil Engn, Saga 8408502, Japan.	Dept Civil Engn			X	0.0	0.0	1
Saga Univ, Inst Lowland Technol, Saga 8408502, Japan.	Inst Lowland Technol			X	0.0	0.0	1
Gazi Univ, Tech Educ Fac, Mech Educ Dept, TR-06503 Ankara, Turkey.	Mech Educ Dept			X	0.0	0.0	1
Kirikkale Univ, Fac Engn, Dept Mech Engn, TR-71450 Kirikkale, Turkey.	Dept Mech Engn			X	0.0	0.0	1
Turkish State Meteorol Serv, Ankara, Turkey.	Turkish State Meteorol Serv			X	0.0	0.0	1
Rhodes Univ, Dept Phys & Elect, Hermann Ohlthaver Inst Aeron, ZA-6140 Grahamstown, South Africa.	ZA-6140 Grahamstown			X	0.0	0.0	1
Northumberland Natl Pk Author, Hexham NE46 1BS, Northd, England.	Hexham NE46 1BS			X	0.0	0.0	1
Cukurova Univ, Dept Landscape Architecture, TR-01330 Adana, Turkey.	Dept Landscape Architecture			X	0.0	0.0	1
Univ Southampton, Sch Geog, Southampton SO17 1BJ, Hants, England.	Southampton SO17 1BJ			X	0.0	0.0	2
Cukurova Univ, Fac Agr, Dept Landscape Architecture, Adana, Turkey.	Dept Landscape Architecture			X	0.0	0.0	1
Erciyes Univ, Fac Engn, Dept Geodesy & Photogrammetry, Kayseri, Turkey.	Dept Geodesy & Photogrammetry			X	0.0	0.0	1
Univ Oxford, Dept Zool, TALA Res Grp, Oxford OX1 3PS, England.	TALA Res Grp			X	0.0	0.0	2
Gazi Univ, Mech Educ Dept, Tech Educ Fac, TR-06530 Ankara, Turkey.	Tech Educ Fac			X	0.0	0.0	1
Kirikkale Univ, Dept Engn Mech, Fac Engn, TR-71450 Kirikkale, Turkey.	Fac Engn			X	0.0	0.0	1
Chinese Acad Sci, Nanjing Inst Geog & Limnol, Nanjing, Peoples R China.	Nanjing			X	0.0	0.0	1
Shanghai Jiao Tong Univ, Dept Comp Sci & Engn, Shanghai 200030, Peoples R China.	Shanghai 200030			X	0.0	0.0	1
Hacettepe Univ, Fac Engn, Dept Geol Engn, Appl Geol Div, TR-06532 Ankara, Turkey.	Appl Geol Div			X	0.0	0.0	1
Def Res & Dev Canada, Val Belair, PQ G3J 1X5, Canada.	Val Belair			X	0.0	0.0	1
Univ Laval, Dept Comp Sci, Ste Foy, PQ G1K 7P4, Canada.	Ste Foy			X	0.0	0.0	1
Univ Laval, Res Ctr Geomat, Ste Foy, PQ G1K 7P4, Canada.	Ste Foy			X	0.0	0.0	2
Univ Toronto, Dept Geog, Toronto, ON M5S 3G3, Canada.	Toronto			X	0.0	0.0	1
Univ Toronto, Program Planning, Toronto, ON M5S 3G3, Canada.	Toronto			X	0.0	0.0	2
Natl Inst Informat & Commun Technol, Tokyo 1848795, Japan.	Natl Inst Informat & Commun Technol			X	0.0	0.0	1
Univ Electrocommun, Dept Comp Sci, Tokyo 1828585, Japan.	Dept Comp Sci			X	0.0	0.0	1
Yanshan Univ, Inst Elect Engn, Qinhuangdao, Peoples R China.	Qinhuangdao			X	0.0	0.0	1
Univ Western Ontario, Dept Geog, London, ON N6A 5C2, Canada.	London			X	0.0	0.0	1
Harbin Inst Technol, Sch Comp Sci & Technol, Harbin 150001, Peoples R China.	Harbin 150001			X	0.0	0.0	1
Harbin Engn Univ, Sch Comp Sci & Technol, Harbin, Peoples R China.	Harbin			X	0.0	0.0	1
Univ Southampton, Sch Geog, Southampton SO17 1BJ, Hants, England.	Southampton SO17 1BJ			X	0.0	0.0	1
Univ Southampton, Sch Geog, Southampton SO17 1BJ, Hants, England.	Southampton SO17 1BJ			X	0.0	0.0	2
Univ Southampton, Sch Biol Sci, Southampton SO16 7PX, Hants, England.	Southampton SO16 7PX			X	0.0	0.0	1
Gazi Univ, Mech Educ Dept, Tech Educ Fac, TR-06503 Ankara, Turkey.	Tech Educ Fac			X	0.0	0.0	1
Kirikkale Univ, Fac Engn, Dept Mech Engn, TR-71450 Kirikkale, Turkey.	Dept Mech Engn			X	0.0	0.0	1
Turkish State Meteorol Off, Ankara, Turkey.	Turkish State Meteorol Off			X	0.0	0.0	1
Lincoln Univ, Fac Appl Comp Sci, Lincoln LN6 7TS, England.	Fac Appl Comp Sci			X	0.0	0.0	1
Gazi Univ, Dept Mech Educ, Tech Educ Fac, TR-06503 Ankara, Turkey.	Tech Educ Fac			X	0.0	0.0	2
Kirikkale Univ, Dept Mech Engn, Fac Engn, TR-71450 Kirikkale, Turkey.	Fac Engn			X	0.0	0.0	1
Rhodes Univ, Dept Phys & Elect, ZA-6140 Grahamstown, South Africa.	ZA-6140 Grahamstown			X	0.0	0.0	1
Univ Oxford, Sch Geog & Environm, Biodivers Res Grp, Oxford OX1 2JD, England.	Biodivers Res Grp			X	0.0	0.0	1
Univ Southampton, Dept Geog, Southampton SO17 1BJ, Hants, England.	Southampton SO17 1BJ			X	0.0	0.0	3
Erciyes Univ, Fac Econ & Adm Sci, Dept Econ, TR-50300 Nevsehir, Turkey.	Dept Econ			X	0.0	0.0	1
Erciyes Univ, Fac Econ & Adm Sci, Dept Business Adm, TR-50300 Nevsehir, Turkey.	Dept Business Adm			X	0.0	0.0	1
Cent Bldg Res Inst, Geotech Engn Div, Roorkee 247667, Uttar Pradesh, India.	Roorkee 247667			X	0.0	0.0	1
Indian Inst Technol, Dept Civil Engn, Roorkee 247667, Uttar Pradesh, India.	Roorkee 247667			X	0.0	0.0	2
Indian Inst Technol, Dept Earth Sci, Roorkee 247667, Uttar Pradesh, India.	Roorkee 247667			X	0.0	0.0	3
Univ Fed Rio de Janeiro, COPPE, Signal Proc Lab, EP, BR-21945 Rio De Janeiro, Brazil.	EP			X	0.0	0.0	1
Kyoto Univ, Disaster Prevent Res Inst, Kyoto 6110011, Japan.	Disaster Prevent Res Inst			X	0.0	0.0	1
Hohai Univ, Inst Geotech, Nanjing 210098, Peoples R China.	Nanjing 210098			X	0.0	0.0	1
INPE, BR-12227010 Sao Jose Dos Campos, Brazil.	INPE			X	0.0	0.0	1
Tokai Univ, Informat Sci Lab, Ctr Informat Technol, Kanagawa 2591292, Japan.	Ctr Informat Technol			X	0.0	0.0	1
Rhodes Univ, Dept Phys & Elect, ZA-6140 Grahamstown, South Africa.	ZA-6140 Grahamstown			X	0.0	0.0	1
Hermanua Magnet Observ, ZA-7200 Hermanus, South Africa.	ZA-7200 Hermanus			X	0.0	0.0	1
Ocean Univ China, Dept Math, Qingdao 266071, Peoples R China.	Qingdao 266071			X	0.0	0.0	1
Univ Rovira & Virgili, Lab Toxicol & Environm Hlth, E-43201 Reus, Spain.	E-43201 Reus			X	0.0	0.0	1
Korea Inst Geosci & Mineral Resources, Geosci Informat Ctr, Taejon 305350, South Korea.	Taejon 305350			X	0.0	0.0	1
Yonsei Univ, Dept Earth Syst Sci, Seoul 120749, South Korea.	Seoul 120749			X	0.0	0.0	1
Liverpool John Moores Univ, Neural Computat Grp, Liverpool L3 3AF, Merseyside, England.	Liverpool L3 3AF			X	0.0	0.0	1
Kyungpook Natl Univ, Sch Elect Engn & Comp Sci, Taegu 702701, South Korea.	Taegu 702701			X	0.0	0.0	1
Kansai Univ, Grad Sch Informat, Osaka 5691095, Japan.	Grad Sch Informat			X	0.0	0.0	1
KIGAM, Geosci Informat Ctr, Taejon 305350, South Korea.	Taejon 305350			X	0.0	0.0	2
Liverpool John Moores Univ, Neural Computat Grp, Liverpool L3 3AF, Merseyside, England.	Liverpool L3 3AF			X	0.0	0.0	2
Univ Toronto, Dept Comp Sci, Toronto, ON M5S 3G4, Canada.	Toronto			X	0.0	0.0	1
British Columbia Minist Forests & Range, Res Branch, Victoria, BC V8W 1N1, Canada.	Victoria			X	0.0	0.0	1
Inst Math & Informat, LT-08663 Vilnius, Lithuania.	LT-08663 Vilnius			X	0.0	0.0	1
Korea Inst Geosci & Mineral Resources, Geosci Informat Ctr, Taejon 305350, South Korea.	Taejon 305350			X	0.0	0.0	1
Univ Nottingham, Sch Geog, Nottingham NG7 2RD, England.	Sch Geog			X	0.0	0.0	1
Univ Southampton, Sch Geog, Southampton, Hants, England.	Southampton			X	0.0	0.0	1
Cukurova Univ, Dept Landscape Architecture, Adana, Turkey.	Dept Landscape Architecture			X	0.0	0.0	1
Univ Southampton, Dept Geog, Southampton SO17 1BJ, Hants, England.	Southampton SO17 1BJ			X	0.0	0.0	1
Univ Toulouse 3, UMR CNRS 5172, Lab Dinam Biodiversite, F-31062 Toulouse 9, France.	F-31062 Toulouse 9			X	0.0	0.0	1
Ordance Survey, Res & Innovat, Southampton SO16 4GU, Hants, England.	Southampton SO16 4GU			X	0.0	0.0	1
Univ Nottingham, Sch Geog, Nottingham NG7 2RD, England.	Sch Geog			X	0.0	0.0	2
CEFLORA, Inst Desenvolvimento Educ Prof, BR-69880000 Cruzeiro Do Sul, AC, Brazil.	BR-69880000 Cruzeiro Do Sul			X	0.0	0.0	1
SAUS, Conservat Int Brasil, BR-70070934 Brasilia, DF, Brazil.	BR-70070934 Brasilia			X	0.0	0.0	1
Korea Inst Geosci & Mineral Resources, Geosci Informat Ctr, Taejon 305350, South Korea.	Taejon 305350			X	0.0	0.0	2
Taylor Univ Coll, Edmonton, AB T6J 4T3, Canada.	Edmonton			X	0.0	0.0	1
Univ Toulouse 3, Lab Ecol Fonctionnelle, EcoLab, CNRS UPS INPT,UMR 5245, F-31062 Toulouse 9, France.	F-31062 Toulouse 9			X	0.0	0.0	2
Jilin Univ, Comprehens Informat Inst Mineral Resources Predic, Changchun 130026, Jilin Prov, Peoples R China.	Jilin Prov			X	0.0	0.0	1
Univ Western Ontario, Dept Geog, Social Sci Ctr, London, ON N6A 5C2, Canada.	London			X	0.0	0.0	1
Res & Design Inst Urban & Rural Planning Changchu, Changchun 130021, Jilin Prov, Peoples R China.	Jilin Prov			X	0.0	0.0	2
Yamagata Univ, Fac Agr, Univ Farm, Yamagata 9970369, Japan.	Univ Farm			X	0.0	0.0	1
Yamagata Gen Agr Res Ctr, Yamagata 9997601, Japan.	Yamagata Gen Agr Res Ctr			X	0.0	0.0	1
Nanjing Normal Univ, Coll Geog Sci, Nanjing 210090, Peoples R China.	Nanjing 210090			X	0.0	0.0	1
Nanjing Univ, Int Inst Earth Syst Sci, Nanjing 210090, Peoples R China.	Nanjing 210090			X	0.0	0.0	2
[Chen, Jingjie; Chen, Jiusheng; Zhang, Xiaoyu] Civil Aviat Univ China, Coll Aeronaut Automat, Tianjin, Peoples R China.	Tianjin			X	0.0	0.0	1
[Silva, Luciana. L.; Tronco, Mario L.; Vian, Henrique A.; Pellinson, Giovana] Univ Estadual Paulista, IBILCE, Av Cristovao Colombo 2265, BR-15054000 Sao Jose Do Rio Preto, SP, Brazil.	BR-15054000 Sao Jose Do Rio Preto			X	0.0	0.0	1
[Porto, Arthur J. V.] Univ Sao Paulo, Escola Engn Sao Carlos, BR-13560970 Sao Carlos, SP, Brazil.	BR-13560970 Sao Carlos			X	0.0	0.0	1
[Petrou, Maria] Univ London Imperial Coll Sci Technol & Med, London SW7 2AZ, England.	Univ London Imperial Coll Sci Technol & Med			X	0.0	0.0	1
[Cai, Yongxiang; Wei, Wei] Yangtze Univ, Sch Geosci, Jinzhou 434102, Hubei Provience, Peoples R China.	Hubei Provience			X	0.0	0.0	1
[Yuan, Zheng; Wang, Huaibin; Wang, Chundong] Tianjin Univ Technol, Dept Comp Sci & Engn, Tianjin 300191, Peoples R China.	Tianjin 300191			X	0.0	0.0	1
Rhodes Univ, Dept Geog, ZA-6140 Grahamstown, South Africa.	ZA-6140 Grahamstown			X	0.0	0.0	1
Univ Nottingham, Sch Geog, Nottingham NG7 2RD, England.	Sch Geog			X	0.0	0.0	1
[Kwarteng, A. Y.] Sultan Qaboos Univ, Remote Sensing & GIS Ctr, Al Khod Pc 123, Oman.	Al Khod Pc 123			X	0.0	0.0	1
[Jang, Young-Min; Lee, Minho] Kyungpook Natl Univ, Sch Elect Engn & Comp Sci, 1370 Sankyuk Dong, Taegu 702701, South Korea.	Taegu 702701			X	0.0	0.0	1
[Jeong, Sungmoon; Lee, Minho] Kyungpook Natl Univ, Sch Elect Engn & Comp Sci, Taegu 702701, South Korea.	Taegu 702701			X	0.0	0.0	2
[Zhao, Zhengyong; Yang, Qi; Meng, Fan-Rui] Univ New Brunswick, Fac Forestry & Environm Management, Fredericton, NB E3B 6C2, Canada.	Fredericton			X	0.0	0.0	1
[Chow, Thien Lien; Rees, Herb W.] Agr & Agri Food Canada, Potato Res Ctr, Fredericton, NB E3B 4Z7, Canada.	Fredericton			X	0.0	0.0	1
[Benoy, Glenn] Environm Canada & Agr & Agri Food Canada, Potato Res Ctr, Fredericton, NB E3B 4Z7, Canada.	Fredericton			X	0.0	0.0	2
[Lee, Minho] Kyungpook Natl Univ, Sch Elect Engn & Comp Sci, Taegu 702701, South Korea.	Taegu 702701			X	0.0	0.0	3
[Eddy, P. R.] Alberta Terr Imaging Ctr, Lethbridge, AB T1J 0P3, Canada.	Lethbridge			X	0.0	0.0	1
[Eddy, P. R.; Smith, A. M.; Peddle, D. R.; Coburn, C. A.] Univ Lethbridge, Dept Geog, Lethbridge, AB T1K 3M4, Canada.	Lethbridge			X	0.0	0.0	1
[Smith, A. M.; Hill, B. D.; Blackshaw, R. E.] Agr & Agri Food Canada, Lethbridge, AB T1J 4B1, Canada.	Lethbridge			X	0.0	0.0	1
[Orban, Pierre] Univ Montreal, Funct Neuroimaging Unit, Montreal, PQ, Canada.	Montreal			X	0.0	0.0	1
[Kanevski, Mikhail; Timonin, Vadim; Pozdnoukhov, Alexei] Univ Lausanne, IGAR, CH-1015 Lausanne, Switzerland.	CH-1015 Lausanne			X	0.0	0.0	1
[Giovannangeli, Christophe; Gaussier, Philippe] Cergy Pontoise Univ, ENSEA, CNRS, UMR8051,ETIS Neurocybernet Team, 2 Ave Adolphe Chauvin, F-95302 Cergy Pontoise, France.	F-95302 Cergy Pontoise			X	0.0	0.0	1
[Fernando, Chrisantha; Karishma, K. K.] Natl Inst Med Res, MRC, London NW7 1AA, England.	MRC			X	0.0	0.0	1
[Zhao, Shu guo; Meng, Qing bo] Hebei Polytech Univ, Tangshan 063009, Peoples R China.	Tangshan 063009			X	0.0	0.0	1
[Gulla, G.; Antronico, L.; Iaquinta, P.; Terranova, O.] CNR, Res Inst Geohydrol Protect, I-87036 Arcavacata Di Rende, Italy.	I-87036 Arcavacata Di Rende			X	0.0	0.0	1
[Carvalho, W., Jr.] Embrapa Solos, Rua Jardim Bot 1024, BR-22460000 Rio De Janeiro, Brazil.	Rua Jardim Bot 1024			X	0.0	0.0	1
[Muhammad, Ao Shan; Shahid, Khalil; Tang, Shoulian] Beijing Univ Posts & Telecommun, Econ & Management Sch, Beijing 100876, Peoples R China.	Beijing 100876			X	0.0	0.0	1
[Nefeslioglu, Hakan A.; Duman, Tamer Y.; Durmaz, Serap] Dept Geol Res, Gen Directorate Min Res & Explorat MTA, Earth Dynam Res & Assessment Div, TR-06520 Ankara, Turkey.	Earth Dynam Res & Assessment Div			X	0.0	0.0	1
[Sasaki, Hironobu; Kubota, Naoyuki] Tokyo Metropolitan Univ, Dept Syst Design, 6-6 Asahigaoka, Tokyo 1910065, Japan.	6-6 Asahigaoka			X	0.0	0.0	1
[Luoto, Miska] Univ Oulu, Thule Inst, FIN-90014 Oulu, Finland.	FIN-90014 Oulu			X	0.0	0.0	1
[Gutierrez, P. A.; Hervas-Martinez, C.] Univ Cordoba, Dept Numer Anal & Comp Sci, E-14071 Cordoba, Spain.	E-14071 Cordoba			X	0.0	0.0	1
[Putz, Gordon] Univ Saskatchewan, Dept Civil & Geol Engn, Saskatoon, SK S7N 5A9, Canada.	Saskatoon			X	0.0	0.0	1
[Smith, Daniel W.] Univ Alberta, Dept Civil & Environm Engn, Edmonton, AB T6G 2W2, Canada.	Edmonton			X	0.0	0.0	1
[MacDonald, J. Douglas] Agr & Agri Food Canada, Agr & Agroalimentaire Canada, Quebec City, PQ G1V 2J3, Canada.	Quebec City			X	0.0	0.0	1
[Bagan, Hasi] Univ Tokyo, Inst Ind Sci, Tokyo 1538505, Japan.	Inst Ind Sci			X	0.0	0.0	1
[Watanabe, Masataka] Keio Univ, Fac Environm Informat, Kanagawa 2528520, Japan.	Fac Environm Informat			X	0.0	0.0	1
[Bao, Yuhai] Inner Mongolia Normal Univ, Coll Geog Sci, Inner Mongolia 010022, Peoples R China.	Inner Mongolia 010022			X	0.0	0.0	1
[Zhang, Jie; Zhao, Jing] Shandong Inst Light Ind, Ctr Modern Educ Technol, Jinan, Shandong, Peoples R China.	Shandong			X	0.0	0.0	1
[Shen, Furao] Nanjing Univ, Dept Comp Sci, Nanjing 210093, Peoples R China.	Nanjing 210093			X	0.0	0.0	1
[Zhao, Zhengyong; Yang, Qi; Meng, Fan-Rui] Univ New Brunswick, Fac Forestry & Environm Management, Fredericton, NB E3B 6C2, Canada.	Fredericton			X	0.0	0.0	1
[Chow, Thien Lien; Rees, Herb W.; Xing, Zisheng] Agr & Agri Food Canada, Potato Res Ctr, Fredericton, NB E3B 4Z7, Canada.	Fredericton			X	0.0	0.0	1
[Wang, Tiejun; Skidmore, Andrew K.; Toxopeus, Albertus G.] Int Inst Geoinformat Sci & Earth Observat ITC, Dept Nat Resources, NL-7500 AA Enschede, Netherlands.	NL-7500 AA Enschede			X	0.0	0.0	1
Cumhuriyet Univ, Fac Engn, Dept Geol Engn, TR-58140 Sivas, Turkey.	Dept Geol Engn			X	0.0	0.0	1
Cumhuriyet Univ, Dept Geol Engn, Fac Engn, TR-58140 Sivas, Turkey.	Fac Engn			X	0.0	0.0	1
[Zhang Yi-chuan; Qiao Li-fang; Zhang Li-lei; Chen Teng] Henan Inst Sci & Technol, Sch Landscape Architecture, Xinxiang 453003, Peoples R China.	Xinxiang 453003			X	0.0	0.0	1
[Seo, Changwan] Univ Seoul, Seoul 130743, South Korea.	Seoul 130743			X	0.0	0.0	1
[Company, P.] EMC Univ Jaume I, E-12071 Castellon de La Plana, Spain.	E-12071 Castellon de La Plana			X	0.0	0.0	1
[Zheng, Zhong; Ma, Fuyu] Shihezi Univ, Coll Agr, Shihezi, Peoples R China.	Shihezi			X	0.0	0.0	1
[Chen Jian; Li Jing-Jing] Nanjing Univ Informat Sci & Technol, Remote Sensing Coll, Nanjing, Peoples R China.	Nanjing			X	0.0	0.0	1
[Ando, Hiroyasu; Horio, Yoshihiko; Aihara, Kazuyuki] JST, ERATO, Aihara Complex Modelling Project, Tokyo 1538505, Japan.	Aihara Complex Modelling Project			X	0.0	0.0	1
[Nakano, Aki; Horio, Yoshihiko] Tokyo Denki Univ, Grad Sch Engn, Tokyo 1018457, Japan.	Grad Sch Engn			X	0.0	0.0	1
[Ando, Hiroyasu; Aihara, Kazuyuki] Univ Tokyo, Inst Ind Sci, Tokyo 1538505, Japan.	Inst Ind Sci			X	0.0	0.0	1
Univ Nottingham, Sch Geog, Nottingham NG7 2RD, England.	Sch Geog			X	0.0	0.0	1
Gebze Inst Technol, Dept Geodet & Photogrammetr Engn, TR-41400 Gebze, Turkey.	Dept Geodet & Photogrammetr Engn			X	0.0	0.0	1
[Mburu, John] Univ Nairobi, Dept Agr Econ, Nairobi 00625, Kenya.	Nairobi 00625			X	0.0	0.0	1
[Sun, Zhaochen; Li, Mingchang; Liang, Shuxiu] Dalian Univ Technol, State Key Lab Coastal & Offshore Eng, Dalian 116024, Peoples R China.	Dalian 116024			X	0.0	0.0	1
[Heinl, M.; Tappeiner, U.] Univ Innsbruck, Inst Ecol, A-6020 Innsbruck, Austria.	A-6020 Innsbruck			X	0.0	0.0	1
[Heinl, M.; Tappeiner, U.] Univ Innsbruck, Dept Stat, A-6020 Innsbruck, Austria.	A-6020 Innsbruck			X	0.0	0.0	2
[Tappeiner, G.] Univ Innsbruck, Dept Econ, A-6020 Innsbruck, Austria.	A-6020 Innsbruck			X	0.0	0.0	3
[Kim, Du Y.; Han, Seung H.; Kim, Hyoungkwan; Park, Heedae] Yonsei Univ, Dept Civil & Environm Engn, Seoul 120749, South Korea.	Seoul 120749			X	0.0	0.0	1
[Saito, Hitoshi; Nakayama, Daichi; Matsuyama, Hiroshi] Tokyo Metropolitan Univ, Grad Sch Urban Environm Sci, Dept Geog, Tokyo 1920397, Japan.	Dept Geog			X	0.0	0.0	1
[Wang, T. J.; Skidmore, A. K.; Toxopeus, A. G.] Int Inst Geoinformat Sci & Earth Observat ITC, Dept Nat Resources, NL-7500 AA Enschede, Netherlands.	NL-7500 AA Enschede			X	0.0	0.0	2
[Lee, Saro] Korea Inst Geosci & Mineral Resources, Geosci Informat Ctr, Taejon 305350, South Korea.	Taejon 305350			X	0.0	0.0	1
[Kim, Ki-Dong] Sejong Univ, Dept Geoinformat Engn, Seoul 143747, South Korea.	Seoul 143747			X	0.0	0.0	1
[Oh, Hyun-Joo] Yonsei Univ, Dept Earth Syst Sci, Seoul 120749, South Korea.	Seoul 120749			X	0.0	0.0	2
[Gong, Peng] Chinese Acad Sci, Inst Remote Sensing Applicat, State Key Lab Remote Sensing Sci, Beijing 100864, Peoples R China.	Beijing 100864			X	0.0	0.0	1
[Foresti, Loris; Pozdnoukhov, Alexei; Tuia, Devis; Kanevski, Mikhail] Univ Lausanne, Inst Geomat & Anal Risk, CH-1015 Lausanne, Switzerland.	CH-1015 Lausanne			X	0.0	0.0	1
[Kim, Han-Gook] Openmate Inc, GIS Strateg Planning Dept, Seoul 120760, South Korea.	Seoul 120760			X	0.0	0.0	1
[Muad, A. M.; Foody, G. M.] Univ Nottingham, Sch Geog, Nottingham NG7 2RD, England.	Sch Geog			X	0.0	0.0	1
[Winterton, Peter] Univ Toulouse 3, UFR LV, F-31062 Toulouse 4, France.	F-31062 Toulouse 4			X	0.0	0.0	1
[Brosse, Sebastien] Univ Toulouse 3, ECOLAB, CNRS, UMR 5172, F-31062 Toulouse 4, France.	F-31062 Toulouse 4			X	0.0	0.0	2
[Lakhera, R. C.] Indian Inst Remote Sensing, Dehra Dun 248001, Uttar Pradesh, India.	Dehra Dun 248001			X	0.0	0.0	1
[Araki, Tomoyuki] Hiroshima Inst Technol, Dept Elect & Photon Syst Engn, Hiroshima 7315193, Japan.	Dept Elect & Photon Syst Engn			X	0.0	0.0	1
[Karapetsas, Eleftherios] Univ Tokyo, Dept Elect Engn & Informat Syst, Bunkyo Ku, 7-3-1 Hongo, Tokyo 1138656, Japan.	7-3-1 Hongo			X	0.0	0.0	1
[Das, Iswar; van Westen, Cees; Stein, Alfred; Hack, Robert] Int Inst Geoinformat Sci & Earth Observat ITC, NL-7500 AA Enschede, Netherlands.	NL-7500 AA Enschede			X	0.0	0.0	1
[Das, Iswar; Sahoo, Sashikant] Indian Inst Remote Sensing, Dehra Dun, India.	Indian Inst Remote Sensing			X	0.0	0.0	1
[Muad, Anuar M.; Foody, Giles M.] Univ Nottingham, Sch Geog, Nottingham NG7 2RD, England.	Sch Geog			X	0.0	0.0	2
[Aybet, Jahid; Al-Saedy, Hasan; Farmer, Muhammad] British Inst Technol & E Commerce, London, England.	British Inst Technol & E Commerce			X	0.0	0.0	1
[Woo, Jinseok; Kubota, Naoyuki] Tokyo Metropolitan Univ, 6-6 Asahigaoka, Tokyo 1910065, Japan.	6-6 Asahigaoka			X	0.0	0.0	1
[Oh, Hyun-Joo; Lee, Saro] Korea Inst Geosci & Mineral Resources KIGAM, Geosci Informat Ctr, Taejon 305350, South Korea.	Taejon 305350			X	0.0	0.0	1
[Grebby, Stephen; Cunningham, Dickson] Univ Leicester, Dept Geol, Leicester LE1 7RH, Leics, England.	Leicester LE1 7RH			X	0.0	0.0	1
[Naden, Jonathan] British Geol Survey, Keyworth NG12 5GG, Notts, England.	Keyworth NG12 5GG			X	0.0	0.0	1
[Tansey, Kevin] Univ Leicester, Dept Geog, Leicester LE1 7RH, Leics, England.	Leicester LE1 7RH			X	0.0	0.0	2
[Bao, Yuhai] Inner Mongolia Normal Univ, Inner Mongolian Key Lab Remote Sensing & GIS, Hohhot 010022, Peoples R China.	Hohhot 010022			X	0.0	0.0	1
Cumhuriyet Univ, Fac Engn, Dept Geol Engn, TR-58140 Sivas, Turkey.	Dept Geol Engn			X	0.0	0.0	1
[Erener, Arzu; Duzgun, H. Sebnem B.] Middle E Tech Univ, TR-06531 Ankara, Turkey.	Middle E Tech Univ			X	0.0	0.0	1
[Tong, Xiaohua; Zhang, Xue; Liu, Miaolong] Tongji Univ, Dept Surveying & Geoinformat, Shanghai 200092, Peoples R China.	Shanghai 200092			X	0.0	0.0	1
[Tong, Xiaohua] Tongji Univ, Key Lab Modern Engn Surveying, State Bur Surveying & Mapping, Shanghai 200092, Peoples R China.	Shanghai 200092			X	0.0	0.0	2
[Gomez-Carracedo, M. P.; Andrade, J. M.] Univ A Coruna, Dept Analyt Chem, E-15071 La Coruna, Spain.	E-15071 La Coruna			X	0.0	0.0	1
[Akgun, Aykut] Karadeniz Tech Univ, Geol Engn Dept, TR-61080 Trabzon, Turkey.	Geol Engn Dept			X	0.0	0.0	1
[Turk, Necdet] Dokuz Eylul Univ, Geol Engn Dept, TR-35160 Izmir, Turkey.	Geol Engn Dept			X	0.0	0.0	1
[Kamal, Mohammad Mostafa] Univ Saskatchewan, Dept Geog, Saskatoon, SK S7N 5C8, Canada.	Saskatoon			X	0.0	0.0	1
[Passmore, Peter J.] Middlesex Univ, Sch Engn & Informat Sci, London NW4 4BT, England.	Sch Engn & Informat Sci			X	0.0	0.0	1
[Lee, Saro] Korea Inst Geosci & Mineral Resources KIGAM, Geosci Informat Ctr, Taejon 305350, South Korea.	Taejon 305350			X	0.0	0.0	2
[Choi, Jaewon; Oh, Hyun-Joo; Won, Joong-Sun] Yonsei Univ, Dept Earth Syst Sci, Seoul 120749, South Korea.	Seoul 120749			X	0.0	0.0	1
[Korting, Thales Sehn; Garcia Fonseca, Leila Maria; Camara, Gilberto] Natl Inst Space Res INPE, Image Proc Div, BR-1758 Sao Jose Dos Campos, Brazil.	Image Proc Div			X	0.0	0.0	1
[Deumlich, Detlef; Sommer, Michael] Leibniz Ctr Agr Landscape Res ZALF eV, Inst Soil Landscape Res, D-15374 Muncheberg, Germany.	D-15374 Muncheberg	